Name,Category,Effect
Ability Capsule,Hold items,A capsule that allows a Pokémon with two Abilities to switch between these Abilities when it is used.
Ability Urge,Battle items,"When used, it activates the Ability of an ally Pokémon."
Abomasite,Hold items,Enables Abomasnow to Mega Evolve during battle.
Absolite,Hold items,Enables Absol to Mega Evolve during battle.
Absorb Bulb,Hold items,"A consumable bulb. If the holder is hit by a Water-type move, its Sp. Atk will rise."
Adamant Mint,Battle items,Changes the Pokémon's stats to match the Adamant nature.
Adamant Orb,Hold items,Increases the power of Dragon- and Steel-type moves when held by Dialga.
Adrenaline Orb,Hold items,"Using it makes wild Pokémon more likely to call for help. If held by a Pokémon, it boosts Speed when intimidated. It can be used only once."
Aerodactylite,Hold items,Enables Aerodactyl to Mega Evolve during battle.
Aggronite,Hold items,Enables Aggron to Mega Evolve during battle.
Aguav Berry,Berries,"Restores HP if it's low, but may cause confusion."
Air Balloon,Hold items,"When held by a Pokémon, the Pokémon will float into the air. When the holder is attacked, this item will burst."
Alakazite,Hold items,Enables Alakazam to Mega Evolve during battle.
Aloraichium Z,Hold items,"Allows Alolan Raichu to upgrade Thunderbolt to a Z-Move, Stoked Sparksurfer."
Altarianite,Hold items,Enables Altaria to Mega Evolve during battle.
Ampharosite,Hold items,Enables Ampharos to Mega Evolve during battle.
Amulet Coin,Hold items,Doubles prize money if held.
Antidote,Medicine,A spray-type medicine. It lifts the effect of poison from one Pokémon.
Apicot Berry,Berries,Raises Special Defense when HP is low.
Armor Fossil,General items,A fossil from a prehistoric Pokémon that lived on the land. It appears to be part of a collar.
Aspear Berry,Berries,"If held by a Pokémon, it defrosts it."
Assault Vest,Hold items,Raises Special Defense but prevents the use of status moves.
Audinite,Hold items,Enables Audino to Mega Evolve during battle.
Awakening,Medicine,A spray-type medicine. It awakens a Pokémon from the clutches of sleep.
Babiri Berry,Berries,Weakens a supereffective Steel-type attack against the holding Pokémon.
Bach's Food Tin,General items,One of the many ingredients that can be used for cooking at your camp. The tinned food that Bach sells is curiously popular in Galar.
Balm Mushroom,General items,A rare mushroom which gives off a nice fragrance. A maniac will buy it for a high price.
Banettite,Hold items,Enables Banette to Mega Evolve during battle.
Beach Glass,General items,A piece of colored glass. Waves have rounded its edges. It's slightly rough to the touch.
Beast Ball,Pokeballs,A special Poké Ball designed to catch Ultra Beasts. It has a low success rate for catching others.
Beedrillite,Hold items,Enables Beedrill to Mega Evolve during battle.
Belue Berry,Berries,A Berry which is very rare in the Unova region. A maniac will buy it for a high price.
Berry Juice,Medicine,A 100% pure juice made of Berries. It restores the HP of one Pokémon by just 20 points.
Berry Sweet,Hold items,Evolves Milcery into Blueberry Flavor Alcremie.
Big Malasada,Medicine,Heals all major status conditions.
Big Mushroom,General items,A large and rare mushroom. It is sought after by collectors.
Big Nugget,General items,A big nugget of pure gold that gives off a lustrous gleam. A maniac will buy it for a high price.
Big Pearl,General items,A quite-large pearl that sparkles in a pretty silver color. It can be sold at a high price to shops.
Big Root,Hold items,Recovers more HP from HP-stealing moves.
Binding Band,Hold items,A band that increases the power of binding moves when held.
Black Apricorn,General items,A black Apricorn It has an indescribable scent.
Black Belt,Hold items,Increases the power of Fighting-type moves.
Black Flute,General items,A toy flute made from black glass. A maniac will buy it for a high price.
Black Glasses,Hold items,Increases the power of Dark-type moves.
Black Sludge,Hold items,A held item that gradually restores the HP of Poison-type Pokémon. It inflicts damage on all other types.
Blastoisinite,Hold items,Enables Blastoise to Mega Evolve during battle.
Blazikenite,Hold items,Enables Blaziken to Mega Evolve during battle.
Blue Apricorn,General items,A blue Apricorn. It smells a bit like grass.
Blue Flute,General items,A toy flute made from blue glass. A maniac will buy it for a high price.
Blue Scarf,General items,Raises holder's Beauty aspect in a Contest.
Blue Shard,General items,A small blue shard. It appears to be from some sort of implement made long ago.
Bluk Berry,Berries,A Berry which is very rare in the Unova region. A maniac will buy it for a high price.
Blunder Policy,Hold items,Raises Speed sharply if its attack misses.
Bob's Food Tin,General items,One of the many ingredients that can be used for cooking at your camp. The tinned food that Bob sells is curiously popular in Galar.
Boiled Egg,General items,One of the many ingredients that can be used for cooking at your camp. Even just one boiled egg can really enhance a dish.
Bold Mint,Battle items,Changes the Pokémon's stats to match the Bold nature.
Bottle Cap,General items,Maximizes one IV stat in Hyper Training.
Brave Mint,Battle items,Changes the Pokémon's stats to match the Brave nature.
Bread,General items,One of the many ingredients that can be used for cooking at your camp. An indispensable tool for mopping up that extra curry left on your plate.
Bright Powder,Hold items,Lowers the opponent's accuracy.
Brittle Bones,General items,One of the many ingredients that can be used for cooking at your camp. The taste boiled off from the bones is sure to give a dish a light umami taste.
Bug Gem,Hold items,Increases the power of a Bug-type move only once.
Bug Memory,Hold items,Changes Silvally and its move Multi-Attack to Bug type.
Buginium Z,Hold items,"Allows the use of Savage Spin-Out, the Bug type Z-Move."
Burn Drive,Hold items,Changes Techno Blast to a Fire-type move when held by Genesect.
Burn Heal,Medicine,A spray-type medicine. It heals a single Pokémon that is suffering from a burn.
Calcium,Medicine,Increases Special Attack EVs by 10.
Calm Mint,Battle items,Changes the Pokémon's stats to match the Calm nature.
Cameruptite,Hold items,Enables Camerupt to Mega Evolve during battle.
Carbos,Medicine,Increases Speed EVs by 10.
Careful Mint,Battle items,Changes the Pokémon's stats to match the Careful nature.
Casteliacone,Medicine,Heals all major status conditions.
Cell Battery,Hold items,"A consumable battery. If the holder is hit by an Electric-type move, its Attack will rise."
Chalky Stone,General items,A small whitish stone picked up at the edge of the road.
Charcoal,Hold items,Increases the power of Fire-type moves.
Charizardite X,Hold items,Enables Charizard to Mega Evolve during battle.
Charizardite Y,Hold items,Enables Charizard to Mega Evolve during battle.
Charti Berry,Berries,Weakens a supereffective Rock-type attack against the holding Pokémon.
Cheri Berry,Berries,"If held by a Pokémon, it recovers from paralysis."
Cherish Ball,Pokeballs,A quite rare Poké Ball that has been specially crafted to commemorate an occasion of some sort.
Chesto Berry,Berries,"If held by a Pokémon, it recovers from sleep."
Chilan Berry,Berries,Weakens a Normal-type attack against the Pokémon holding this berry.
Chill Drive,Hold items,Changes Techno Blast to an Ice-type move when held by Genesect.
Chipped Pot,Hold items,Evolves Sinistea into Polteageist.
Choice Band,Hold items,"Raises Attack, but only one move can be used."
Choice Scarf,Hold items,"Raises Speed, but only one move can be used."
Choice Specs,Hold items,"Raises Special Attack, but only one move can be used."
Chople Berry,Berries,Weakens a supereffective Fighting-type attack against the holding Pokémon.
Claw Fossil,General items,A fossil of an ancient Pokémon that lived in the sea. It appears to be part of a claw.
Cleanse Tag,Hold items,An item to be held by a Pokémon. It helps keep wild Pokémon away if the holder is the first one in the party.
Clever Wing,Medicine,Increases Special Defense EVs by 1.
Clover Sweet,Hold items,Evolves Milcery into Clover Flavor Alcremie.
Coba Berry,Berries,Weakens a supereffective Flying-type attack against the holding Pokémon.
Coconut Milk,General items,One of the many ingredients that can be used for cooking at your camp. The refined sweetness of this coconut milk makes it quite popular.
Colbur Berry,Berries,Weakens a supereffective Dark-type attack against the holding Pokémon.
Colress Machine,Hold items,A special device that wrings out the potential of Pokémon. It is an imperfect prototype.
Comet Shard,General items,A shard which fell to the ground when a comet approached. A maniac will buy it for a high price.
Cornn Berry,Berries,A Berry which is very rare in the Unova region. A maniac will buy it for a high price.
Courage Candy,Medicine,Increases a Pokémon's Special Defense stat by 1.
Courage Candy L,Medicine,Increases a Pokémon's Special Defense stat.
Courage Candy XL,Medicine,Increases a Pokémon's Special Defense stat.
Cover Fossil,General items,A fossil of an ancient Pokémon that lived in the sea in ancient times. It appears to be part of its back.
Cracked Pot,Hold items,Evolves Sinistea into Polteageist.
Custap Berry,Berries,Holder can move first when HP is low.
Damp Mulch,General items,A fertilizer to be spread on soft soil in regions where Berries are grown. A maniac will buy it for a high price.
Damp Rock,Hold items,A Pokémon held item that extends the duration of the move Rain Dance used by the holder.
Dark Gem,Hold items,Increases the power of a Dark-type move only once.
Dark Memory,Hold items,Changes Silvally and its move Multi-Attack to Dark type.
Darkinium Z,Hold items,"Allows the use of Black Hole Eclipse, the Dark type Z-Move."
Dawn Stone,General items,Evolves certain species of Pokémon.
Decidium Z,Hold items,"Allows Decidueye to upgrade Spirit Shackle to a Z-Move, Sinister Arrow Raid."
Deep Sea Scale,Hold items,Increases Special Defense when held by Clamperl. Evolves Clamperl when traded holding the item.
Deep Sea Tooth,Hold items,Increases Special Attack when held by Clamperl. Evolves Clamperl when traded holding the item.
Destiny Knot,Hold items,"A long, thin, bright-red string to be held by a Pokémon. If the holder becomes infatuated, the foe does too."
Diancite,Hold items,Enables Diancie to Mega Evolve during battle.
Dire Hit,Battle items,Raises critical-hit ratio of a Pokémon in battle.
Dire Hit 2,Battle items,Raises a Pokémon's critical-hit ratio in battle.
Dire Hit 3,Battle items,Greatly raises a Pokémon's critical-hit ratio in battle.
Discount Coupon,General items,This special coupon allows you to buy items at a discount when you are shopping at a boutique.
Dive Ball,Pokeballs,A somewhat different Poké Ball that works especially well on Pokémon that live underwater.
DNA Splicers,General items,A splicer that fuses Kyurem and a certain Pokémon. They are said to have been one in the beginning.
Dome Fossil,General items,A fossil of an ancient Pokémon that lived in the sea. It appears to be part of a shell.
Douse Drive,Hold items,Changes Techno Blast to a Water-type move when held by Genesect.
Draco Plate,Hold items,Increases power of Dragon-type moves. Changes Arceus' type to Dragon.
Dragon Fang,Hold items,Increases the power of Dragon-type moves.
Dragon Gem,Hold items,Increases the power of a Dragon-type move only once.
Dragon Memory,Hold items,Changes Silvally and its move Multi-Attack to Dragon type.
Dragon Scale,General items,Evolves Seadra when traded holding the item.
Dragonium Z,Hold items,"Allows the use of Devastating Drake, the Dragon type Z-Move."
Dread Plate,Hold items,Increases power of Dark-type moves. Changes Arceus' type to Dark.
Dream Ball,Pokeballs,A special Poké Ball that appears out of nowhere in a bag at the Entree Forest. It can catch any Pokémon.
Dropped Item,Hold items,The Xtransceiver found at the Nimbasa City amusement park. It seems it belongs to a boy.
Dubious Disc,General items,Evolves Porygon2 when traded holding the item.
Durin Berry,Berries,A Berry which is very rare in the Unova region. A maniac will buy it for a high price.
Dusk Ball,Pokeballs,A somewhat different Poké Ball that makes it easier to catch wild Pokémon at night or in dark places like caves.
Dusk Stone,General items,Evolves certain species of Pokémon.
Dynamax Candy,Medicine,Raises Dynamax Level.
Earth Plate,Hold items,Increases power of Ground-type moves. Changes Arceus' type to Ground.
Eevium Z,Hold items,"Allows Eevee to upgrade Last Resort to a Z-Move, Extreme Evoboost."
Eject Button,Hold items,"If the holder is hit by an attack, it will switch with another Pokémon in your party."
Eject Pack,Hold items,The Pokémon switches out if its stats are lowered.
Electirizer,General items,Evolves Electabuzz when traded holding the item.
Electric Gem,Hold items,Increases the power of an Electric-type move only once.
Electric Memory,Hold items,Changes Silvally and its move Multi-Attack to Electric type.
Electric Seed,Hold items,An item to be held by a Pokémon. It boosts Defense on Electric Terrain. It can only be used once.
Electrium Z,Hold items,"Allows the use of Gigavolt Havoc, the Electric type Z-Move."
Elevator Key,Hold items,A card key that activates the elevator in Lysandre Labs. It is emblazoned with Team Flare's logo.
Elixir,Medicine,It restores the PP of all the moves learned by the targeted Pokémon by 10 points each.
Energy Powder,Medicine,Restores 60 HP but lowers Friendship.
Energy Root,Medicine,Restores 120 HP but lowers Friendship.
Enigma Berry,Berries,"If held by a Pokémon, it restores its HP if it is hit by any supereffective attack."
Escape Rope,General items,"A long, durable rope. Use it to escape instantly from a cave or a dungeon."
Ether,Medicine,It restores the PP of a Pokémon's selected move by a maximum of 10 points.
Everstone,Hold items,An item to be held by a Pokémon. The Pokémon holding this peculiar stone is prevented from evolving.
Eviolite,Hold items,"A mysterious evolutionary lump. When held, it raises the Defense and Sp. Def of a Pokémon that can still evolve."
Exp. Candy L,Medicine,
Exp. Candy M,Medicine,
Exp. Candy S,Medicine,
Exp. Candy XL,Medicine,"Increases the Pokémon's Exp points by 30,000."
Exp. Candy XS,Medicine,
Exp. Share,Hold items,An item to be held by a Pokémon. The holder gets a share of a battle's Exp. Points without battling.
Expert Belt,Hold items,Increases the power of super-effective moves.
Fairium Z,Hold items,"Allows the use of Twinkle Tackle, the Fairy type Z-Move."
Fairy Gem,General items,Increases the power of a Fairy-type move only once.
Fairy Memory,Hold items,Changes Silvally and its move Multi-Attack to Fairy type.
Fancy Apple,General items,One of the many ingredients that can be used for cooking at your camp. An apple chosen above others. It has spectacular form and a brilliant sheen.
Fast Ball,Pokeballs,A Poké Ball that makes it easier to catch Pokémon which are quick to run away.
Festival Ticket,General items,A ticket that allows you to host a mission in Festival Plaza.
Fighting Gem,Hold items,Increases the power of a Fighting-type move only once.
Fighting Memory,Hold items,Changes Silvally and its move Multi-Attack to Fighting type.
Fightinium Z,Hold items,"Allows the use of All-Out Pummeling, the Fighting type Z-Move."
Figy Berry,Berries,"Restores HP if it's low, but may cause confusion."
Fire Gem,Hold items,Increases the power of a Fire-type move only once.
Fire Memory,Hold items,Changes Silvally and its move Multi-Attack to Fire type.
Fire Stone,General items,Evolves certain species of Pokémon.
Firium Z,Hold items,"Allows the use of Inferno Overdrive, the Fire type Z-Move."
Fist Plate,Hold items,Increases power of Fighting-type moves. Changes Arceus' type to Fighting.
Flame Orb,Hold items,An item to be held by a Pokémon. It is a bizarre orb that inflicts a burn on the holder in battle.
Flame Plate,Hold items,Increases power of Fire-type moves. Changes Arceus' type to Fire.
Float Stone,Hold items,A very light stone. It reduces the weight of a Pokémon when held.
Flower Sweet,Hold items,Evolves Milcery into Flower Flavor Alcremie.
Fluffy Tail,General items,An item that attracts Pokémon. Use it to flee from any battle with a wild Pokémon.
Flying Gem,Hold items,Increases the power of a Flying-type move only once.
Flying Memory,Hold items,Changes Silvally and its move Multi-Attack to Flying type.
Flyinium Z,Hold items,"Allows the use of Supersonic Skystrike, the Flying type Z-Move."
Focus Band,Hold items,"An item to be held by a Pokémon. The holder may endure a potential KO attack, leaving it with just 1 HP."
Focus Sash,Hold items,"An item to be held by a Pokémon. If it has full HP, the holder will endure one potential KO attack, leaving 1 HP."
Fossilized Bird,General items,The fossil of an ancient Pokémon that once soared through the sky. What it looked like is a mystery.
Fossilized Dino,General items,The fossil of an ancient Pokémon that once lived in the sea. What it looked like is a mystery.
Fossilized Drake,General items,The fossil of an ancient Pokémon that once roamed the land. What it looked like is a mystery.
Fossilized Fish,General items,The fossil of an ancient Pokémon that once lived in the sea. What it looked like is a mystery.
Fresh Cream,General items,One of the many ingredients that can be used for cooking at your camp. Add some whipped cream to a spicy curry to give it some sweetness.
Fresh Water,Medicine,Restores 30 HP.
Fried Food,General items,"One of the many ingredients that can be used for cooking at your camp. It’s been a while since it was fried, so it’s gotten greasy."
Friend Ball,Pokeballs,A Poké Ball that makes caught Pokémon more friendly.
Fruit Bunch,General items,One of the many ingredients that can be used for cooking at your camp. The syrupy fruits give off a strong tropical feel.
Full Heal,Medicine,A spray-type medicine. It heals all the status problems of a single Pokémon.
Full Incense,Hold items,Holder always attacks last. Breeding Snorlax produces Munchlax when held.
Full Restore,Medicine,A medicine that fully restores the HP and heals any status problems of a single Pokémon.
Galladite,Hold items,Enables Gallade to Mega Evolve during battle.
Ganlon Berry,Berries,Raises Defense when HP is low.
Garchompite,Hold items,Enables Garchomp to Mega Evolve during battle.
Gardevoirite,Hold items,Enables Gardevoir to Mega Evolve during battle.
Gengarite,Hold items,Enables Gengar to Mega Evolve during battle.
Genius Wing,Medicine,Increases Special Attack EVs by 1.
Gentle Mint,Battle items,Changes the Pokémon's stats to match the Gentle nature.
Ghost Gem,Hold items,Increases the power of a Ghost-type move only once.
Ghost Memory,Hold items,Changes Silvally and its move Multi-Attack to Ghost type.
Ghostium Z,Hold items,"Allows the use of Never-Ending Nightmare, the Ghost type Z-Move."
Gigantamix,General items,One of the many ingredients that can be used for cooking at your camp. A mysterious spice. Even a tiny sprinkle is sure to make a curry gigantic.
Glalitite,Hold items,Enables Glalie to Mega Evolve during battle.
Gold Bottle Cap,General items,Maximizes all of a Pokémon's IV stats in Hyper Training.
Gold Leaf,General items,
Golden Nanab Berry,Berries,"Drastically calms a Pokémon in battle, in Let's Go Pikachu/Eevee."
Golden Pinap Berry,Berries,"Drastically increases chance of getting items when a Pokémon is caught, in Pokémon Let's Go."
Golden Razz Berry,Berries,Makes a Pokémon easier to catch in Pokémon Let's Go.
Gooey Mulch,General items,A fertilizer to be spread on soft soil in regions where Berries are grown. A maniac will buy it for a high price.
Grass Gem,Hold items,Increases the power of a Grass-type move only once.
Grass Memory,Hold items,Changes Silvally and its move Multi-Attack to Grass type.
Grassium Z,Hold items,"Allows the use of Bloom Doom, the Grass type Z-Move."
Grassy Seed,Hold items,An item to be held by a Pokémon. It boosts Defense on Grassy Terrain. It can only be used once.
Great Ball,Pokeballs,"A good, high-performance Ball that provides a higher Pokémon catch rate than a standard Poké Ball."
Green Apricorn,General items,"A green Apricorn. It has a mysterious, aromatic scent."
Green Scarf,General items,Raises holder's Smart aspect in a Contest.
Green Shard,General items,A small green shard. It appears to be from some sort of implement made long ago.
Grepa Berry,Berries,Increases Friendship but lowers Special Defense EVs.
Grip Claw,Hold items,A Pokémon held item that extends the duration of multiturn attacks like Bind and Wrap.
Griseous Orb,Hold items,"Increases the power of Dragon- and Ghost-type moves when held by Giratina, and changes it to Origin Forme."
Ground Gem,Hold items,Increases the power of a Ground-type move only once.
Ground Memory,Hold items,Changes Silvally and its move Multi-Attack to Ground type.
Groundium Z,Hold items,"Allows the use of Tectonic Rage, the Ground type Z-Move."
Growth Mulch,General items,A fertilizer to be spread on soft soil in regions where Berries are grown. A maniac will buy it for a high price.
Grubby Hanky,Hold items,A handkerchief dropped by a regular at Café Warehouse. It smells faintly like a Pokémon.
Guard Spec.,Battle items,Prevents stat reduction for five turns.
Gyaradosite,Hold items,Enables Gyarados to Mega Evolve during battle.
Haban Berry,Berries,Weakens a supereffective Dragon-type attack against the holding Pokémon.
Hard Stone,Hold items,Increases the power of Rock-type moves.
Hasty Mint,Battle items,Changes the Pokémon's stats to match the Hasty nature.
Heal Ball,Pokeballs,A remedial Poké Ball that restores the caught Pokémon's HP and eliminates any status problem.
Heal Powder,Medicine,"Heals all status problems, but lowers Friendship."
Health Candy,Medicine,Increases a Pokémon's HP stat by 1.
Health Candy L,Medicine,Increases a Pokémon's HP stat.
Health Candy XL,Medicine,Increases a Pokémon's HP stat.
Health Wing,Medicine,Increases HP EVs by 1.
Heart Scale,General items,"A pretty, heart-shaped scale that is extremely rare. It glows faintly in the colors of the rainbow."
Heat Rock,Hold items,A Pokémon held item that extends the duration of the move Sunny Day used by the holder.
Heavy Ball,Pokeballs,A Poké Ball for catching very heavy Pokémon.
Heavy-Duty Boots,Hold items,Protects the holder from traps set on the battlefield.
Helix Fossil,General items,A fossil of an ancient Pokémon that lived in the sea. It appears to be part of a seashell.
Heracronite,Hold items,Enables Heracross to Mega Evolve during battle.
Hi-tech Earbuds,Hold items,Strange earbuds that allow you to freely control the volume of various sounds.
HM01,Machines,Teaches the move Cut.
HM02,Machines,Teaches the move Fly.
HM03,Machines,Teaches the move Surf.
HM04,Machines,Teaches the move Strength.
HM05,Machines,Teaches the move Flash/Defog/Whirlpool/Waterfall.
HM06,Machines,Teaches the move Whirlpool/Rock Smash/Dive.
HM07,Machines,Teaches the move Waterfall.
HM08,Machines,Teaches the move Dive/Rock Climb.
Hondew Berry,Berries,Increases Friendship but lowers Special Attack EVs.
Honey,General items,"A sweet honey with a lush aroma that attracts wild Pokémon when it is used in grass, caves, or on special trees."
Honor Of Kalos,Hold items,A precious symbol that is awarded only to an individual who has done great things for the Kalos region.
Houndoominite,Hold items,Enables Houndoom to Mega Evolve during battle.
HP Up,Medicine,Increases HP EVs by 10.
Hyper Potion,Medicine,Restores 120 HP.
Iapapa Berry,Berries,"Restores HP if it's low, but may cause confusion."
Ice Gem,Hold items,Increases the power of an Ice-type move only once.
Ice Heal,Medicine,A spray-type medicine. It defrosts a Pokémon that has been frozen solid.
Ice Memory,Hold items,Changes Silvally and its move Multi-Attack to Ice type.
Ice Stone,General items,Evolves certain species of Pokémon.
Icicle Plate,Hold items,Increases power of Ice-type moves. Changes Arceus' type to Ice.
Icium Z,Hold items,"Allows the use of Subzero Slammer, the Ice type Z-Move."
Icy Rock,Hold items,A Pokémon held item that extends the duration of the move Hail used by the holder.
Impish Mint,Battle items,Changes the Pokémon's stats to match the Impish nature.
Incinium Z,Hold items,"Allows Incineroar to upgrade Darkest Lariat to a Z-Move, Malicious Moonsault."
Insect Plate,Hold items,Increases power of Bug-type moves. Changes Arceus' type to Bug.
Instant Noodles,General items,"One of the many ingredients that can be used for cooking at your camp. It has a junk-food sort of taste, but it goes well with curry."
Intriguing Stone,Hold items,A rather curious stone that might appear to be valuable to some. It's all in the eye of the beholder.
Iron,Medicine,Increases Defense EVs by 10.
Iron Ball,Hold items,A Pokémon held item that cuts Speed. It makes Flying-type and levitating holders susceptible to Ground moves.
Iron Plate,Hold items,Increases power of Steel-type moves. Changes Arceus' type to Steel.
Item Drop,Battle items,"When used, it causes an ally Pokémon to drop a held item."
Item Urge,Battle items,"When used, it causes an ally Pokémon to use its held item."
Jaboca Berry,Berries,"If held by a Pokémon and a physical attack lands, the attacker also takes damage."
Jolly Mint,Battle items,Changes the Pokémon's stats to match the Jolly nature.
Kangaskhanite,Hold items,Enables Kangaskhan to Mega Evolve during battle.
Kasib Berry,Berries,Weakens a supereffective Ghost-type attack against the holding Pokémon.
Kebia Berry,Berries,Weakens a supereffective Poison-type attack against the holding Pokémon.
Kee Berry,Berries,"If held by a Pokémon, this Berry will increase the holder's Defense if it's hit with a physical move."
Kelpsy Berry,Berries,Increases Friendship but lowers Attack EVs.
King's Rock,Hold items,May cause opponent to flinch. Evolves Poliwhirl and Slowpoke when traded holding the item.
Kommonium Z,Hold items,"Allows Kommo-o to upgrade Clanging Scales to a Z-Move, Clangorous Soulblaze."
Lagging Tail,Hold items,Holder always attacks last.
Lansat Berry,Berries,Increases critical-hit ratio when HP is low.
Large Leek,General items,One of the many ingredients that can be used for cooking at your camp. Whether this is the kind of vegetable stalk that Farfetch’d like is unknown.
Latiasite,Hold items,Enables Latias to Mega Evolve during battle.
Latiosite,Hold items,Enables Latios to Mega Evolve during battle.
Lava Cookie,Medicine,Heals all major status conditions.
Lax Incense,Hold items,Lowers the opponent's accuracy. Breeding Wobbuffet produces Wynaut when held.
Lax Mint,Battle items,Changes the Pokémon's stats to match the Lax nature.
Leaf Letter,General items,A letter written on a leaf. Something is written using Eevee's footprints.
Leaf Stone,General items,Evolves certain species of Pokémon.
Leek,Hold items,Increases critical-hit ratio when held by Farfetch'd.
Leftovers,Hold items,An item to be held by a Pokémon. The holder's HP is gradually restored during battle.
Lemonade,Medicine,Restores 70 HP.
Leppa Berry,Berries,"If held by a Pokémon, it restores a move's PP by 10."
Level Ball,Pokeballs,A Poké Ball for catching Pokémon that are a lower level than your own.
Liechi Berry,Berries,Raises Attack when HP is low.
Life Orb,Hold items,"Increases the power of moves, but loses HP each turn."
Light Ball,Hold items,An item to be held by PIKACHU. It is a puzzling orb that raises the Attack and Sp. Atk stat.
Light Clay,Hold items,A Pokémon held item that extends the duration of barrier moves like Light Screen and Reflect used by the holder.
Lone Earring,General items,
Lonely Mint,Battle items,Changes the Pokémon's stats to match the Lonely nature.
Looker Ticket,Hold items,A ticket that was handmade by Looker. It's decorated with a liberal amount of glittery paint.
Lopunnite,Hold items,Enables Lopunny to Mega Evolve during battle.
Love Ball,Pokeballs,Poké Ball for catching Pokémon that are the opposite gender of your Pokémon.
Love Sweet,Hold items,Evolves Milcery into Heart Flavor Alcremie.
Lucarionite,Hold items,Enables Lucario to Mega Evolve during battle.
Luck Incense,Hold items,Doubles prize money if held. Breeding Chansey or Blissey produces Happiny when held.
Lucky Egg,Hold items,An item to be held by a Pokémon. It is an egg filled with happiness that earns extra Exp. Points in battle.
Lucky Punch,Hold items,Increases critical-hit ratio when held by Chansey.
Lum Berry,Berries,"If held by a Pokémon, it recovers from any status problem."
Luminous Moss,Hold items,Raises Special Defense if hit by a Water-type move.
Lumiose Galette,Medicine,Heals all major status conditions.
Lunalium Z,Hold items,"Allows Lunala to upgrade Moongeist Beam to a Z-Move, Menacing Moonraze Maelstrom."
Lure,General items,Attracts Pokémon in the wild.
Lure Ball,Pokeballs,A Poké Ball for catching Pokémon hooked by a Rod when fishing.
Lustrous Orb,Hold items,Increases the power of Dragon- and Water-type moves when held by Palkia.
Luxury Ball,Pokeballs,A comfortable Poké Ball that makes a caught wild Pokémon quickly grow friendly.
Lycanium Z,Hold items,"Allows Lycanroc to upgrade Stone Edge to a Z-Move, Splintered Stormshards."
Macho Brace,Hold items,An item to be held by a Pokémon. It is a stiff and heavy brace that promotes strong growth but lowers Speed.
Magmarizer,General items,Evolves Magmar when traded holding the item.
Magnet,Hold items,Increases the power of Electric-type moves.
Mago Berry,Berries,"Restores HP if it's low, but may cause confusion."
Magost Berry,Berries,A Berry which is very rare in the Unova region. A maniac will buy it for a high price.
Manectite,Hold items,Enables Manectric to Mega Evolve during battle.
Maranga Berry,Berries,"If held by a Pokémon, this Berry will increase the holder's Sp. Def if it's hit with a special move."
Marble,General items,
Marshadium Z,Hold items,"Allows Marshadow to upgrade Spectral Thief to a Z-Move, Soul-Stealing 7-Star Strike."
Master Ball,Pokeballs,The best Ball with the ultimate level of performance. It will catch any wild Pokémon without fail.
Mawilite,Hold items,Enables Mawile to Mega Evolve during battle.
Max Elixir,Medicine,It fully restores the PP of all the moves learned by the targeted Pokémon.
Max Ether,Medicine,It fully restores the PP of a single selected move that has been learned by the target Pokémon.
Max Lure,General items,Attracts Pokémon in the wild.
Max Potion,Medicine,Fully restores HP.
Max Repel,General items,An item that prevents weak wild Pokémon from appearing for 250 steps after its use.
Max Revive,Medicine,A medicine that revives a fainted Pokémon. It fully restores the Pokémon's HP.
Meadow Plate,Hold items,Increases power of Grass-type moves. Changes Arceus' type to Grass.
Medichamite,Hold items,Enables Medicham to Mega Evolve during battle.
Mental Herb,Hold items,An item to be held by a Pokémon. It snaps the holder out of infatuation. It can be used only once.
Metagrossite,Hold items,Enables Metagross to Mega Evolve during battle.
Metal Coat,Hold items,Increases the power of Steel-type moves. Evolves Onix and Scyther when traded holding the item.
Metal Powder,Hold items,Increases Defense when held by Ditto.
Metronome,Hold items,Increases the power of moves used consecutively.
Mewnium Z,Hold items,"Allows Mew to upgrade Psychic to a Z-Move, Genesis Supernova."
Mewtwonite X,Hold items,Enables Mewtwo to Mega Evolve during battle.
Mewtwonite Y,Hold items,Enables Mewtwo to Mega Evolve during battle.
Micle Berry,Berries,Increases a move's accuracy when HP is low.
Mighty Candy,Medicine,Increases a Pokémon's Attack stat by 1.
Mighty Candy L,Medicine,Increases a Pokémon's Attack stat.
Mighty Candy XL,Medicine,Increases a Pokémon's Attack stat.
Mild Mint,Battle items,Changes the Pokémon's stats to match the Mild nature.
Mimikium Z,Hold items,"Allows Mimikyu to upgrade Play Rough to a Z-Move, Let's Snuggle Forever."
Mind Plate,Hold items,Increases power of Psychic-type moves. Changes Arceus' type to Psychic.
Miracle Seed,Hold items,Increases the power of Grass-type moves.
Misty Seed,Hold items,An item to be held by a Pokémon. It boosts Sp. Def on Misty Terrain. It can only be used once.
Mixed Mushrooms,General items,One of the many ingredients that can be used for cooking at your camp. The chewy texture of the mushrooms transforms any dish they’re added to.
Modest Mint,Battle items,Changes the Pokémon's stats to match the Modest nature.
Moomoo Cheese,General items,One of the many ingredients that can be used for cooking at your camp. Melted cheese can really give a curry some richness.
Moomoo Milk,Medicine,Milk with a very high nutrition content. It restores the HP of one Pokémon by 100 points.
Moon Ball,Pokeballs,A Poké Ball for catching Pokémon that evolve using the Moon Stone.
Moon Stone,General items,Evolves certain species of Pokémon.
Muscle Band,Hold items,Increases the power of Physical-category moves.
Muscle Wing,Medicine,Increases Attack EVs by 1.
Mystic Water,Hold items,Increases the power of Water-type moves.
Naive Mint,Battle items,Changes the Pokémon's stats to match the Naive nature.
Nanab Berry,Berries,"A Berry to be used in cooking. Calms a Pokémon in battle, in Let's Go Pikachu/Eevee."
Naughty Mint,Battle items,Changes the Pokémon's stats to match the Naughty nature.
Nest Ball,Pokeballs,A somewhat different Poké Ball that works especially well on weaker Pokémon in the wild.
Net Ball,Pokeballs,A somewhat different Poké Ball that works especially well on Water- and Bug-type Pokémon.
Never-Melt Ice,Hold items,Increases the power of Ice-type moves.
Nomel Berry,Berries,A Berry which is very rare in the Unova region. A maniac will buy it for a high price.
Normal Gem,Hold items,Increases the power of a Normal-type move only once.
Normalium Z,Hold items,"Allows the use of Breakneck Blitz, the Normal type Z-Move."
Nugget,General items,A nugget of pure gold that gives off a lustrous gleam. It can be sold at a high price to shops.
Occa Berry,Berries,Weakens a supereffective Fire-type attack against the holding Pokémon.
Odd Incense,Hold items,Increases the power of Psychic-type moves. Breeding Mr. Mime produces Mime Jr. when held.
Odd Keystone,General items,A vital item that is needed to keep a stone tower from collapsing. Voices can be heard from it occasionally.
Old Amber,General items,A piece of amber that contains the genetic material of an ancient Pokémon. It is clear with a reddish tint.
Old Gateau,Medicine,Heals all major status conditions.
Oran Berry,Berries,"If held by a Pokémon, it heals the user by just 10 HP."
Oval Charm,General items,An oval charm said to increase the chance of Pokémon Eggs being found at the Day Care.
Oval Stone,General items,Evolves Happiny when held.
Pack of Potatoes,General items,"One of the many ingredients that can be used for cooking at your camp. Potatoes help mellow out a spicy taste, to make a dish more mild."
Packaged Curry,General items,One of the many ingredients that can be used for cooking at your camp. Using packaged curry helps make sure there are no slipups when cooking.
Pamtre Berry,Berries,A Berry which is very rare in the Unova region. A maniac will buy it for a high price.
Paralyze Heal,Medicine,A spray-type medicine. It eliminates paralysis from a single Pokémon.
Park Ball,Pokeballs,A special Poké Ball for the Pal Park.
Pass Orb,Hold items,"A mysterious orb containing the power of the Unova region, to be used when generating Pass Power."
Passho Berry,Berries,Weakens a supereffective Water-type attack against the holding Pokémon.
Pasta,General items,One of the many ingredients that can be used for cooking at your camp. These flour noodles make for a surprisingly good match with curry.
Payapa Berry,Berries,Weakens a supereffective Psychic-type attack against the holding Pokémon.
Pearl,General items,A somewhat-small pearl that sparkles in a pretty silver color. It can be sold cheaply to shops.
Pearl String,General items,Very large pearls that sparkle in a pretty silver color. A maniac will buy them for a high price.
Pecha Berry,Berries,"If held by a Pokémon, it recovers from poison."
Permit,General items,A permit that is needed to enter the Nature Preserve. Not many know about it.
Persim Berry,Berries,"If held by a Pokémon, it recovers from confusion."
Petaya Berry,Berries,Raises Special Attack when HP is low.
Pewter Crunchies,Medicine,Heals all major status conditions.
Pidgeotite,Hold items,Enables Pidgeot to Mega Evolve during battle.
Pikanium Z,Hold items,"Allows Pikachu to upgrade Volt Tackle to a Z-Move, Catastropika."
Pikashunium Z,Hold items,"Allows Pikachu in a cap to upgrade Thunderbolt to a Z-Move, 10,000,000 Volt Thunderbolt."
Pinap Berry,Berries,"A Berry to be used in cooking. Increases chances of getting items when a Pokémon is caught, in Pokémon Let's Go."
Pink Apricorn,General items,"A pink Apricorn. It has a nice, sweet scent."
Pink Nectar,Hold items,The flower nectar obtained at the flowering shrubs on Royal Avenue. It changes the form of certain species of Pokémon.
Pink Scarf,General items,Raises holder's Cute aspect in a Contest.
Pinsirite,Hold items,Enables Pinsir to Mega Evolve during battle.
Pixie Plate,Hold items,Increases power of Fairy-type moves. Changes Arceus' type to Fairy.
Plasma Card,Hold items,A card key needed to enter the password inside the Plasma Frigate.
Plume Fossil,General items,A fossil of an ancient Pokémon that flew in the sky in ancient times. It appears to be part of its wing.
Poison Barb,Hold items,Increases the power of Poison-type moves.
Poison Gem,Hold items,Increases the power of a Poison-type move only once.
Poison Memory,Hold items,Changes Silvally and its move Multi-Attack to Poison type.
Poisonium Z,Hold items,"Allows the use of Acid Downpour, the Poison type Z-Move."
Poké Ball,Pokeballs,A device for catching wild Pokémon. It is thrown like a ball at the target. It is designed as a capsule system.
Poké Doll,General items,A doll that attracts Pokémon. Use it to flee from any battle with a wild Pokémon.
Poké Toy,General items,An item that attracts Pokémon. Use it to flee from any battle with a wild Pokémon.
Polished Mud Ball,General items,
Pomeg Berry,Berries,Increases Friendship but lowers HP EVs.
Potion,Medicine,Restores 20 HP.
Power Anklet,Hold items,"A Pokémon held item that promotes Speed gain on leveling, but reduces the Speed stat."
Power Band,Hold items,"A Pokémon held item that promotes Sp. Def gain on leveling, but reduces the Speed stat."
Power Belt,Hold items,"A Pokémon held item that promotes Defense gain on leveling, but reduces the Speed stat."
Power Bracer,Hold items,"A Pokémon held item that promotes Attack gain on leveling, but reduces the Speed stat."
Power Herb,Hold items,A single-use item to be held by a Pokémon. It allows the immediate use of a move that charges on the first turn.
Power Lens,Hold items,"A Pokémon held item that promotes Sp. Atk gain on leveling, but reduces the Speed stat."
Power Plant Pass,Hold items,This pass serves as an ID card for gaining access to the power plant that lies along Route 13.
Power Weight,Hold items,"A Pokémon held item that promotes HP gain on leveling, but reduces the Speed stat."
PP Max,Medicine,It maximally raises the top PP of a selected move that has been learned by the target Pokémon.
PP Up,Medicine,It slightly raises the maximum PP of a selected move that has been learned by the target Pokémon.
Precooked Burger,General items,"One of the many ingredients that can be used for cooking at your camp. If you’re unsure about what to cook, you can’t go wrong with some burger."
Premier Ball,Pokeballs,A somewhat rare Poké Ball that has been specially made to commemorate an event of some sort.
Pretty Wing,General items,"Though this feather is beautiful, it's just a regular feather and has no effect on Pokémon."
Primarium Z,Hold items,"Allows Primarina to upgrade Sparkling Aria to a Z-Move, Oceanic Operetta."
Prism Scale,General items,Evolves Feebas when traded holding the item.
Prison Bottle,Hold items,Transforms Hoopa Confined to Hoopa Unbound.
Prof's Letter,Hold items,A letter that Professor Sycamore wrote to your mother. A faint but pleasant perfume seems to cling to the paper.
Protective Pads,Hold items,An item to be held by a Pokémon. These pads protect the holder from effects caused by making direct contact with the target.
Protector,General items,Evolves Rhydon when traded holding the item.
Protein,Medicine,Increases Attack EVs by 10.
Psychic Gem,Hold items,Increases the power of a Psychic-type move only once.
Psychic Memory,Hold items,Changes Silvally and its move Multi-Attack to Psychic type.
Psychic Seed,Hold items,An item to be held by a Pokémon. It boosts Sp. Def on Psychic Terrain. It can only be used once.
Psychium Z,Hold items,"Allows the use of Shattered Psyche, the Psychic type Z-Move."
Pungent Root,General items,"One of the many ingredients that can be used for cooking at your camp. Though carelessly picked, these herbs can add a fragrant accent to a dish."
Pure Incense,Hold items,Descreases the likelihood of meeting wild Pokémon. Breeding Chimecho produces Chingling when held.
Purple Nectar,Hold items,A flower nectar obtained at Poni Meadow. It changes the form of certain species of Pokémon.
Qualot Berry,Berries,Increases Friendship but lowers Defense EVs.
Quick Ball,Pokeballs,A somewhat different Poké Ball that provides a better catch rate if it is used at the start of a wild encounter.
Quick Candy,Medicine,Increases a Pokémon's Speed stat by 1.
Quick Candy L,Medicine,Increases a Pokémon's Speed stat.
Quick Candy XL,Medicine,Increases a Pokémon's Speed stat.
Quick Claw,Hold items,"An item to be held by a Pokémon. A light, sharp claw that lets the bearer move first occasionally."
Quick Powder,Hold items,Increases Speed when held by Ditto.
Quiet Mint,Battle items,Changes the Pokémon's stats to match the Quiet nature.
Rabuta Berry,Berries,A Berry which is very rare in the Unova region. A maniac will buy it for a high price.
Rage Candy Bar,Medicine,Heals all major status conditions.
Rare Bone,General items,A bone that is extremely valuable for Pokémon archeology. It can be sold for a high price to shops.
Rare Candy,Medicine,A candy that is packed with energy. It raises the level of a single Pokémon by one.
Rash Mint,Battle items,Changes the Pokémon's stats to match the Rash nature.
Rawst Berry,Berries,"If held by a Pokémon, it recovers from a burn."
Razor Claw,Hold items,Increases critical-hit ratio. Evolves Sneasel when held at night.
Razor Fang,Hold items,May cause opponent to flinch. Evolves Gligar when held at night.
Razz Berry,Berries,A Berry which is very rare in the Unova region. A maniac will buy it for a high price.
Reaper Cloth,General items,Evolves Dusclops when traded holding the item.
Red Apricorn,General items,A red Apricorn. It assails your nostrils.
Red Card,Hold items,"A card with a mysterious power. When the holder is struck by a foe, the attacker is removed from battle."
Red Flute,General items,A toy flute made from red glass. A maniac will buy it for a high price.
Red Nectar,Hold items,A flower nectar obtained at Ula'ula Meadow. It changes the form of certain species of Pokémon.
Red Scarf,General items,Raises holder's Cool aspect in a Contest.
Red Shard,General items,A small red shard. It appears to be from some sort of implement made long ago.
Relaxed Mint,Battle items,Changes the Pokémon's stats to match the Relaxed nature.
Relic Band,General items,"A bracelet made in a civilization about 3,000 years ago. A maniac will buy it for a high price."
Relic Copper,General items,"A copper coin used in a civilization about 3,000 years ago. A maniac will buy it for a high price."
Relic Crown,General items,"A crown made in a civilization about 3,000 years ago. A maniac will buy it for a high price."
Relic Gold,General items,"A gold coin used in a civilization about 3,000 years ago. A maniac will buy it for a high price."
Relic Silver,General items,"A silver coin used in a civilization about 3,000 years ago. A maniac will buy it for a high price."
Relic Statue,General items,"A stone figure made in a civilization about 3,000 years ago. A maniac will buy it for a high price."
Relic Vase,General items,"A vase made in a civilization about 3,000 years ago. A maniac will buy it for a high price."
Repeat Ball,Pokeballs,A somewhat different Poké Ball that works especially well on Pokémon species that were previously caught.
Repel,General items,An item that prevents weak wild Pokémon from appearing for 100 steps after its use.
Reset Urge,Battle items,"When used, it restores any stat changes of an ally Pokémon."
Resist Wing,Medicine,Increases Defense EVs by 1.
Reveal Glass,General items,A looking glass that reveals the truth. It's a mysterious glass that returns a Pokémon to its original shape.
Revival Herb,Medicine,"Revives a Pokémon to max HP, but lowers Friendship."
Revive,Medicine,A medicine that revives a fainted Pokémon. It restores half the Pokémon's maximum HP.
Ribbon Sweet,Hold items,Evolves Milcery into Ribbon Flavor Alcremie.
Rindo Berry,Berries,Weakens a supereffective Grass-type attack against the holding Pokémon.
Ring Target,Hold items,Moves that would otherwise have no effect will land on the Pokémon that holds it.
Rock Gem,Hold items,Increases the power of a Rock-type move only once.
Rock Incense,Hold items,Increases the power of Rock-type moves. Breeding Sudowoodo produces Bonsly when held.
Rock Memory,Hold items,Changes Silvally and its move Multi-Attack to Rock type.
Rockium Z,Hold items,"Allows the use of Continental Crush, the Rock type Z-Move."
Rocky Helmet,Hold items,"If the holder of this item takes damage, the attacker will also be damaged upon contact."
Roller Skates,General items,"Attaches roller skates to the bottom of your shoes, allowing you to glide quickly around and perform tricks."
Room Service,Hold items,Lowers the Pokémon's speed during Trick Room.
Root Fossil,General items,A fossil of an ancient Pokémon that lived in the sea. It appears to be part of a plant root.
Rose Incense,Hold items,Increases the power of Grass-type moves. Breeding Roselia or Roserade produces Budew when held.
Roseli Berry,Berries,"If held by a Pokémon, this Berry will lessen the damage taken from one supereffective Fairy-type attack."
Roto Bargain,Battle items,Reduces the prices of products at Poké Marts by half.
Roto Boost,Battle items,Raises all stats of your battling Pokémon.
Roto Catch,Battle items,Increases the chance to catch Pokémon a lot.
Roto Encounter,Battle items,Increases the chance of encountering high-level wild Pokémon a lot for a certain period of time.
Roto Exp. Points,Battle items,Increases the Exp. Points your Pokémon receive after battle a little.
Roto Friendship,Battle items,Helps Pokémon in your party grow friendly faster.
Roto Hatch,Battle items,Helps Eggs hatch faster.
Roto HP Restore,Battle items,Fully restores the HP of your battling Pokémon.
Roto PP Restore,Battle items,Fully restores the PP of your battling Pokémon.
Roto Prize Money,Battle items,Triples the prize money you receive after battle.
Roto Stealth,Battle items,Prevents you from encountering wild Pokémon for a certain period of time.
Rowap Berry,Berries,"If held by a Pokémon and a special attack lands, the attacker also takes damage."
Sablenite,Hold items,Enables Sableye to Mega Evolve during battle.
Sachet,General items,Evolves Spritzee when traded holding the item.
Sacred Ash,Medicine,"It revives all fainted Pokémon. In doing so, it also fully restores their HP."
Safari Ball,Pokeballs,A special Poké Ball that is used only in the Great Marsh. It is decorated in a camouflage pattern.
Safety Goggles,Hold items,Prevents damage from weather and powder.
Salac Berry,Berries,Raises Speed when HP is low.
Salad Mix,General items,One of the many ingredients that can be used for cooking at your camp. The assortment of vegetables looks quite appealing and healthy.
Salamencite,Hold items,Enables Salamence to Mega Evolve during battle.
Sassy Mint,Battle items,Changes the Pokémon's stats to match the Sassy nature.
Sausages,General items,One of the many ingredients that can be used for cooking at your camp. These sausages should be boiled before eating.
Sceptilite,Hold items,Enables Sceptile to Mega Evolve during battle.
Scizorite,Hold items,Enables Scizor to Mega Evolve during battle.
Scope Lens,Hold items,Increases critical-hit ratio.
Sea Incense,Hold items,Increases the power of Water-type moves. Breeding Marill or Azumarill produces Azurill when held.
Serious Mint,Battle items,Changes the Pokémon's stats to match a neutral nature.
Shalour Sable,Medicine,Heals all major status conditions.
Sharp Beak,Hold items,Increases the power of Flying-type moves.
Sharpedonite,Hold items,Enables Sharpedo to Mega Evolve during battle.
Shed Shell,Hold items,"A tough, discarded carapace to be held by a Pokémon. It enables the holder to switch with a waiting Pokémon in battle."
Shell Bell,Hold items,An item to be held by a Pokémon. The holder's HP is restored a little every time it inflicts damage.
Shiny Charm,General items,A shiny charm said to increase the chance of finding a Shiny Pokémon in the wild.
Shiny Stone,General items,Evolves certain species of Pokémon.
Shoal Salt,General items,Pure salt that can be discovered deep inside the Shoal Cave. A maniac will buy it for a high price.
Shoal Shell,General items,A pretty seashell that can be found deep inside the Shoal Cave. A maniac will buy it for a high price.
Shock Drive,Hold items,Changes Techno Blast to an Electric-type move when held by Genesect.
Shuca Berry,Berries,Weakens a supereffective Ground-type attack against the holding Pokémon.
Silk Scarf,Hold items,Increases the power of Normal-type moves.
Silver Leaf,General items,
Silver Nanab Berry,Berries,"Greatly calms a Pokémon in battle, in Let's Go Pikachu/Eevee."
Silver Pinap Berry,Berries,"Greatly increases chance of getting items when a Pokémon is caught, in Pokémon Let's Go."
Silver Powder,Hold items,Increases the power of Bug-type moves.
Silver Razz Berry,Berries,Makes a Pokémon easier to catch in Pokémon Let's Go.
Sitrus Berry,Berries,"If held by a Pokémon, it heals the user's HP a little."
Skull Fossil,General items,A fossil from a prehistoric Pokémon that lived on the land. It appears to be part of a head.
Sky Plate,Hold items,Increases power of Flying-type moves. Changes Arceus' type to Flying.
Slowbronite,Hold items,Enables Slowbro to Mega Evolve during battle.
Small Bouquet,General items,
Smart Candy,Medicine,Increases a Pokémon's Special Attack stat by 1.
Smart Candy L,Medicine,Increases a Pokémon's Special Attack stat.
Smart Candy XL,Medicine,Increases a Pokémon's Special Attack stat.
Smoke Ball,Hold items,An item to be held by a Pokémon. It enables the holder to flee from any wild Pokémon without fail.
Smoke-Poke Tail,General items,"One of the many ingredients that can be used for cooking at your camp. When a Slowpoke’s tail falls off, it grows back quickly."
Smooth Rock,Hold items,A Pokémon held item that extends the duration of the move Sandstorm used by the holder.
Snorlium Z,Hold items,"Allows Snorlax to upgrade Giga Impact to a Z-Move, Pulverizing Pancake."
Snowball,Hold items,Raises Attack if hit by an Ice-type move.
Soda Pop,Medicine,Restores 50 HP.
Soft Sand,Hold items,Increases the power of Ground-type moves.
Solganium Z,Hold items,"Allows Solgaleo to upgrade Sunsteel Strike to a Z-Move, Searing Sunraze Smash."
Soothe Bell,Hold items,An item to be held by a Pokémon. It is a bell with a comforting chime that calms the holder and makes it friendly.
Soul Dew,Hold items,Increases the power of Psychic- and Dragon-type moves when held by Latios or Latias. Increases Sp.Atk/Sp.Def prior to Gen 7.
Spell Tag,Hold items,Increases the power of Ghost-type moves.
Spelon Berry,Berries,A Berry which is very rare in the Unova region. A maniac will buy it for a high price.
Spice Mix,General items,One of the many ingredients that can be used for cooking at your camp. There are over fifty spices contained within this ingredient’s hot flavor.
Splash Plate,Hold items,Increases power of Water-type moves. Changes Arceus' type to Water.
Spooky Plate,Hold items,Increases power of Ghost-type moves. Changes Arceus' type to Ghost.
Sport Ball,Pokeballs,A special Poké Ball for the Bug-Catching Contest.
Sprinklotad,General items,"A watering can shaped like a Lotad. It helps promote the healthy growth of any Berries planted in good, soft soil."
Stable Mulch,General items,A fertilizer to be spread on soft soil in regions where Berries are grown. A maniac will buy it for a high price.
Star Piece,General items,A shard of a pretty gem that sparkles in a red color. It can be sold at a high price to shops.
Star Sweet,Hold items,Evolves Milcery into Star Flavor Alcremie.
Stardust,General items,"Lovely, red-colored sand with a loose, silky feel. It can be sold at a high price to shops."
Starf Berry,Berries,Sharply raises a random stat when HP is low.
Steel Gem,Hold items,Increases the power of a Steel-type move only once.
Steel Memory,Hold items,Changes Silvally and its move Multi-Attack to Steel type.
Steelium Z,Hold items,"Allows the use of Corkscrew Crash, the Steel type Z-Move."
Steelixite,Hold items,Enables Steelix to Mega Evolve during battle.
Sticky Barb,Hold items,A held item that damages the holder on every turn. It may latch on to foes and allies that touch the holder.
Stone Plate,Hold items,Increases power of Rock-type moves. Changes Arceus' type to Rock.
Strange Souvenir,General items,An ornament depicting a Pokémon that is venerated as a protector in some region far from Kalos.
Strawberry Sweet,Hold items,Evolves Milcery into Strawberry Flavor Alcremie.
Stretchy Spring,General items,
Sun Stone,General items,Evolves certain species of Pokémon.
Super Lure,General items,Attracts Pokémon in the wild.
Super Potion,Medicine,Restores 60 HP.
Super Repel,General items,An item that prevents weak wild Pokémon from appearing for 200 steps after its use.
Swampertite,Hold items,Enables Swampert to Mega Evolve during battle.
Sweet Apple,Hold items,Evolves Applin into Appletun.
Sweet Heart,Medicine,Very sweet chocolate. It restores the HP of one Pokémon by only 20 points.
Swift Wing,Medicine,Increases Speed EVs by 1.
Tamato Berry,Berries,Increases Friendship but lowers Speed EVs.
Tanga Berry,Berries,Weakens a supereffective Bug-type attack against the holding Pokémon.
Tapunium Z,Hold items,"Allows the Tapus to upgrade Nature's Madness to a Z-Move, Guardian of Alola."
Tart Apple,Hold items,Evolves Applin into Flapple.
Terrain Extender,Hold items,An item to be held by a Pokémon. It extends the duration of the terrain caused by the holder's move or Ability.
Thick Club,Hold items,Increases Attack when held by Cubone or Marowak.
Throat Spray,Hold items,Raises Sp. Atk when a sound-based move is used.
Thunder Stone,General items,Evolves certain species of Pokémon.
Timer Ball,Pokeballs,A somewhat different BALL that becomes progressively better the more turns there are in a battle.
Timid Mint,Battle items,Changes the Pokémon's stats to match the Timid nature.
Tin of Beans,General items,"One of the many ingredients that can be used for cooking at your camp. When simmered, the beans suffuse a dish with their mild flavor."
Tiny Mushroom,General items,A small and rare mushroom. It is sought after by collectors.
TMV Pass,General items,A commuter pass that allows the holder to ride the TMV between Lumiose City and Kiloude City at any time.
Tough Candy,Medicine,Increases a Pokémon's Defense stat by 1.
Tough Candy L,Medicine,Increases a Pokémon's Defense stat.
Tough Candy XL,Medicine,Increases a Pokémon's Defense stat.
Toxic Orb,Hold items,An item to be held by a Pokémon. It is a bizarre orb that badly poisons the holder in battle.
Toxic Plate,Hold items,Increases power of Poison-type moves. Changes Arceus' type to Poison.
Tropical Shell,General items,
Twisted Spoon,Hold items,Increases the power of Psychic-type moves.
Tyranitarite,Hold items,Enables Tyranitar to Mega Evolve during battle.
Ultra Ball,Pokeballs,An ultra-performance Ball that provides a higher Pokémon catch rate than a Great Ball.
Ultranecrozium Z,Hold items,"Allows Ultra Necrozma to upgrade Photon Geyser to a Z-Move, Light That Burns the Sky."
Upgrade,General items,Evolves Porygon when traded holding the item.
Utility Umbrella,Hold items,An item to be held by a Pokémon. This sturdy umbrella protects the holder from the effects of weather.
Venusaurite,Hold items,Enables Venusaur to Mega Evolve during battle.
Wacan Berry,Berries,Weakens a supereffective Electric-type attack against the holding Pokémon.
Water Gem,Hold items,Increases the power of a Water-type move only once.
Water Memory,Hold items,Changes Silvally and its move Multi-Attack to Water type.
Water Stone,General items,Evolves certain species of Pokémon.
Waterium Z,Hold items,"Allows the use of Hydro Vortex, the Water type Z-Move."
Watmel Berry,Berries,A Berry which is very rare in the Unova region. A maniac will buy it for a high price.
Wave Incense,Hold items,Increases the power of Water-type moves. Breeding Mantine produces Mantyke when held.
Weakness Policy,Hold items,Sharply raises Attack and Special Attack if hit by a super-effective move.
Wepear Berry,Berries,A Berry which is very rare in the Unova region. A maniac will buy it for a high price.
Whipped Dream,General items,Evolves Swirlix when traded holding the item.
White Apricorn,General items,A white Apricorn. It doesn't smell like anything.
White Flute,General items,A toy flute made from white glass. A maniac will buy it for a high price.
White Herb,Hold items,An item to be held by a POKéMON. It restores any lowered stat in battle. It can be used only once.
Wide Lens,Hold items,Increases the accuracy of moves.
Wiki Berry,Berries,"Restores HP if it's low, but may cause confusion."
Wise Glasses,Hold items,Increases the power of Special-category moves.
Wishing Piece,General items,Activates a Pokémon Den for a Max Raid Battle.
X Accuracy,Battle items,Raises Accuracy of a Pokémon in battle.
X Accuracy 2,Battle items,Sharply raises Accuracy of a Pokémon in battle.
X Accuracy 3,Battle items,Drastically raises Accuracy of a Pokémon in battle.
X Accuracy 6,Battle items,Immensely raises Accuracy of a Pokémon in battle.
X Attack,Battle items,Raises Attack of a Pokémon in battle.
X Attack 2,Battle items,Sharply raises Attack of a Pokémon in battle.
X Attack 3,Battle items,Drastically raises Attack of a Pokémon in battle.
X Attack 6,Battle items,Immensely raises Attack of a Pokémon in battle.
X Defense,Battle items,Raises Defense of a Pokémon in battle.
X Defense 2,Battle items,Sharply raises Defense of a Pokémon in battle.
X Defense 3,Battle items,Drastically raises Defense of a Pokémon in battle.
X Defense 6,Battle items,Immensely raises Defense of a Pokémon in battle.
X Sp. Atk,Battle items,Raises Special Attack of a Pokémon in battle.
X Sp. Atk 2,Battle items,Sharply raises Special Attack of a Pokémon in battle.
X Sp. Atk 3,Battle items,Drastically raises Special Attack of a Pokémon in battle.
X Sp. Atk 6,Battle items,Immensely raises Special Attack of a Pokémon in battle.
X Sp. Def,Battle items,Raises Special Defense of a Pokémon in battle.
X Sp. Def 2,Battle items,Sharply raises Special Defense of a Pokémon in battle.
X Sp. Def 3,Battle items,Drastically raises Special Defense of a Pokémon in battle.
X Sp. Def 6,Battle items,Immensely raises Special Defense of a Pokémon in battle.
X Speed,Battle items,Raises Speed of a Pokémon in battle.
X Speed 2,Battle items,Sharply raises Speed of a Pokémon in battle.
X Speed 3,Battle items,Drastically raises Speed of a Pokémon in battle.
X Speed 6,Battle items,Immensely raises Speed of a Pokémon in battle.
Yache Berry,Berries,Weakens a supereffective Ice-type attack against the holding Pokémon.
Yellow Apricorn,General items,A yellow Apricorn. It has an invigorating scent.
Yellow Flute,General items,A toy flute made from yellow glass. A maniac will buy it for a high price.
Yellow Nectar,Hold items,A flower nectar obtained at Melemele Meadow. It changes the form of certain species of Pokémon.
Yellow Scarf,General items,Raises holder's Tough aspect in a Contest.
Yellow Shard,General items,A small yellow shard. It appears to be from some sort of implement made long ago.
Zap Plate,Hold items,Increases power of Electric-type moves. Changes Arceus' type to Electric.
Zinc,Medicine,Increases Special Defense EVs by 10.
Zoom Lens,Hold items,Raises a move's accuracy if the holder moves after its target.